,days,date,cases,daily_cases,slope,14_day_avg,new_cases14,slope14,masks
0,0,2020-03-12,1,1.0,1.0,0.0,0.0,0.0,0.0
1,1,2020-03-13,1,0.0,-1.0,0.0,0.0,0.0,0.0
2,2,2020-03-14,6,5.0,5.0,1.0,1.0,1.0,0.0
3,3,2020-03-15,6,0.0,-5.0,1.0,0.0,-1.0,0.0
4,4,2020-03-16,22,16.0,16.0,3.0,2.0,2.0,0.0
5,5,2020-03-17,24,2.0,-14.0,4.0,1.0,-1.0,0.0
6,6,2020-03-18,28,4.0,2.0,6.0,2.0,1.0,0.0
7,7,2020-03-19,32,4.0,0.0,9.0,3.0,1.0,0.0
8,8,2020-03-20,45,13.0,9.0,12.0,3.0,0.0,0.0
9,9,2020-03-21,52,7.0,-6.0,16.0,4.0,1.0,0.0
10,10,2020-03-22,57,5.0,-2.0,20.0,4.0,0.0,0.0
11,11,2020-03-23,89,32.0,27.0,26.0,6.0,2.0,0.0
12,12,2020-03-24,103,14.0,-18.0,33.0,7.0,1.0,0.0
13,13,2020-03-25,111,8.0,-6.0,41.0,8.0,1.0,0.0
14,14,2020-03-26,128,17.0,9.0,50.0,9.0,1.0,0.0
15,15,2020-03-27,141,13.0,-4.0,60.0,10.0,1.0,0.0
16,16,2020-03-28,152,11.0,-2.0,71.0,11.0,1.0,0.0
17,17,2020-03-29,171,19.0,8.0,82.0,11.0,0.0,0.0
18,18,2020-03-30,190,19.0,0.0,94.0,12.0,1.0,0.0
19,19,2020-03-31,204,14.0,-5.0,107.0,13.0,1.0,0.0
20,20,2020-04-01,218,14.0,0.0,121.0,14.0,1.0,0.0
21,21,2020-04-02,235,17.0,3.0,135.0,14.0,0.0,0.0
22,22,2020-04-03,242,7.0,-10.0,150.0,15.0,1.0,0.0
23,23,2020-04-04,252,10.0,3.0,164.0,14.0,-1.0,0.0
24,24,2020-04-05,267,15.0,5.0,179.0,15.0,1.0,0.0
25,25,2020-04-06,280,13.0,-2.0,192.0,13.0,-2.0,0.0
26,26,2020-04-07,310,30.0,17.0,207.0,15.0,2.0,0.0
27,27,2020-04-08,344,34.0,4.0,224.0,17.0,2.0,0.0
28,28,2020-04-09,375,31.0,-3.0,242.0,18.0,1.0,0.0
29,29,2020-04-10,415,40.0,9.0,261.0,19.0,1.0,0.0
30,30,2020-04-11,464,49.0,9.0,283.0,22.0,3.0,0.0
31,31,2020-04-12,557,93.0,44.0,311.0,28.0,6.0,0.0
32,32,2020-04-13,557,0.0,-93.0,337.0,26.0,-2.0,0.0
33,33,2020-04-14,558,1.0,1.0,362.0,25.0,-1.0,0.0
34,34,2020-04-15,651,93.0,92.0,393.0,31.0,6.0,0.0
35,35,2020-04-16,651,0.0,-93.0,423.0,30.0,-1.0,0.0
36,36,2020-04-17,806,155.0,155.0,463.0,40.0,10.0,0.0
37,37,2020-04-18,875,69.0,-86.0,508.0,45.0,5.0,0.0
38,38,2020-04-19,924,49.0,-20.0,555.0,47.0,2.0,0.0
39,39,2020-04-20,975,51.0,2.0,604.0,49.0,2.0,0.0
40,40,2020-04-21,1013,38.0,-13.0,655.0,51.0,2.0,0.0
41,41,2020-04-22,1073,60.0,22.0,707.0,52.0,1.0,0.0
42,42,2020-04-23,1132,59.0,-1.0,761.0,54.0,2.0,0.0
43,43,2020-04-24,1200,68.0,9.0,817.0,56.0,2.0,0.0
44,44,2020-04-25,1287,87.0,19.0,876.0,59.0,3.0,0.0
45,45,2020-04-26,1332,45.0,-42.0,931.0,55.0,-4.0,0.0
46,46,2020-04-27,1416,84.0,39.0,992.0,61.0,6.0,0.0
47,47,2020-04-28,1524,108.0,24.0,1061.0,69.0,8.0,0.0
48,48,2020-04-29,1633,109.0,1.0,1132.0,71.0,2.0,0.0
49,49,2020-04-30,1738,105.0,-4.0,1209.0,77.0,6.0,0.0
50,50,2020-05-01,1829,91.0,-14.0,1282.0,73.0,-4.0,0.0
51,51,2020-05-02,1980,151.0,60.0,1361.0,79.0,6.0,0.0
52,52,2020-05-03,2151,171.0,20.0,1449.0,88.0,9.0,0.0
53,53,2020-05-04,2298,147.0,-24.0,1543.0,94.0,6.0,0.0
54,54,2020-05-05,2519,221.0,74.0,1651.0,108.0,14.0,0.0
55,55,2020-05-06,2764,245.0,24.0,1772.0,121.0,13.0,0.0
56,56,2020-05-07,2962,198.0,-47.0,1902.0,130.0,9.0,0.0
57,57,2020-05-08,3153,191.0,-7.0,2042.0,140.0,10.0,0.0
58,58,2020-05-09,3379,226.0,35.0,2191.0,149.0,9.0,0.0
59,59,2020-05-10,3558,179.0,-47.0,2350.0,159.0,10.0,0.0
60,60,2020-05-11,3744,186.0,7.0,2517.0,167.0,8.0,0.0
61,61,2020-05-12,4033,289.0,103.0,2696.0,179.0,12.0,0.0
62,62,2020-05-13,4183,150.0,-139.0,2878.0,182.0,3.0,0.0
63,63,2020-05-14,4331,148.0,-2.0,3063.0,185.0,3.0,0.0
64,64,2020-05-15,4674,343.0,195.0,3266.0,203.0,18.0,0.0
65,65,2020-05-16,4930,256.0,-87.0,3477.0,211.0,8.0,0.0
66,66,2020-05-17,5158,228.0,-28.0,3692.0,215.0,4.0,0.0
67,67,2020-05-18,5409,251.0,23.0,3914.0,222.0,7.0,0.0
68,68,2020-05-19,5650,241.0,-10.0,4138.0,224.0,2.0,0.0
69,69,2020-05-20,5838,188.0,-53.0,4357.0,219.0,-5.0,0.0
70,70,2020-05-21,6029,191.0,3.0,4576.0,219.0,0.0,0.0
71,71,2020-05-22,6350,321.0,130.0,4805.0,229.0,10.0,0.0
72,72,2020-05-23,6649,299.0,-22.0,5038.0,233.0,4.0,0.0
73,73,2020-05-24,6918,269.0,-30.0,5278.0,240.0,7.0,0.0
74,74,2020-05-25,7168,250.0,-19.0,5523.0,245.0,5.0,0.0
75,75,2020-05-26,7421,253.0,3.0,5765.0,242.0,-3.0,0.0
76,76,2020-05-27,7540,119.0,-134.0,6005.0,240.0,-2.0,0.0
77,77,2020-05-28,7695,155.0,36.0,6245.0,240.0,0.0,0.0
78,78,2020-05-29,7932,237.0,82.0,6478.0,233.0,-7.0,0.0
79,79,2020-05-30,8181,249.0,12.0,6710.0,232.0,-1.0,0.0
80,80,2020-05-31,8393,212.0,-37.0,6941.0,231.0,-1.0,0.0
81,81,2020-06-01,8514,121.0,-91.0,7163.0,222.0,-9.0,0.0
82,82,2020-06-02,8591,77.0,-44.0,7373.0,210.0,-12.0,0.0
83,83,2020-06-03,8738,147.0,70.0,7580.0,207.0,-3.0,0.0
84,84,2020-06-04,8867,129.0,-18.0,7783.0,203.0,-4.0,0.0
85,85,2020-06-05,9099,232.0,103.0,7979.0,196.0,-7.0,0.0
86,86,2020-06-06,9255,156.0,-76.0,8165.0,186.0,-10.0,0.0
87,87,2020-06-07,9372,117.0,-39.0,8340.0,175.0,-11.0,0.0
88,88,2020-06-08,9480,108.0,-9.0,8506.0,166.0,-9.0,0.0
89,89,2020-06-09,9567,87.0,-21.0,8659.0,153.0,-13.0,0.0
90,90,2020-06-10,9674,107.0,20.0,8811.0,152.0,-1.0,0.0
91,91,2020-06-11,9815,141.0,34.0,8963.0,152.0,0.0,0.0
92,92,2020-06-12,9934,119.0,-22.0,9106.0,143.0,-9.0,0.0
93,93,2020-06-13,10069,135.0,16.0,9241.0,135.0,-8.0,0.0
94,94,2020-06-14,10191,122.0,-13.0,9369.0,128.0,-7.0,0.0
95,95,2020-06-15,10281,90.0,-32.0,9495.0,126.0,-2.0,0.0
96,96,2020-06-16,10323,42.0,-48.0,9619.0,124.0,-2.0,0.0
97,97,2020-06-17,10415,92.0,50.0,9739.0,120.0,-4.0,0.0
98,98,2020-06-18,10512,97.0,5.0,9856.0,117.0,-3.0,0.0
99,99,2020-06-19,10607,95.0,-2.0,9964.0,108.0,-9.0,0.0
100,100,2020-06-20,10705,98.0,3.0,10068.0,104.0,-4.0,0.0
101,101,2020-06-21,10830,125.0,27.0,10172.0,104.0,0.0,0.0
102,102,2020-06-22,10920,90.0,-35.0,10274.0,102.0,-2.0,0.0
103,103,2020-06-23,10988,68.0,-22.0,10376.0,102.0,0.0,0.0
104,104,2020-06-24,11057,69.0,1.0,10475.0,99.0,-3.0,0.0
105,105,2020-06-25,11178,121.0,52.0,10572.0,97.0,-2.0,0.0
106,106,2020-06-26,11308,130.0,9.0,10670.0,98.0,1.0,0.0
107,107,2020-06-27,11415,107.0,-23.0,10766.0,96.0,-2.0,0.0
108,108,2020-06-28,11556,141.0,34.0,10864.0,98.0,2.0,0.0
109,109,2020-06-29,11656,100.0,-41.0,10962.0,98.0,0.0,0.0
110,110,2020-06-30,11796,140.0,40.0,11067.0,105.0,7.0,0.0
111,111,2020-07-01,11892,96.0,-44.0,11173.0,106.0,1.0,0.0
112,112,2020-07-02,12048,156.0,60.0,11283.0,110.0,4.0,0.0
113,113,2020-07-03,12150,102.0,-54.0,11393.0,110.0,0.0,0.0
114,114,2020-07-04,12150,0.0,-102.0,11496.0,103.0,-7.0,0.0
115,115,2020-07-05,12329,179.0,179.0,11603.0,107.0,4.0,0.0
116,116,2020-07-06,12456,127.0,-52.0,11713.0,110.0,3.0,0.0
117,117,2020-07-07,12597,141.0,14.0,11828.0,115.0,5.0,0.0
118,118,2020-07-08,12703,106.0,-35.0,11945.0,117.0,2.0,0.0
119,119,2020-07-09,12867,164.0,58.0,12066.0,121.0,4.0,0.0
120,120,2020-07-10,13054,187.0,23.0,12191.0,125.0,4.0,0.0
121,121,2020-07-11,13328,274.0,87.0,12327.0,136.0,11.0,0.0
122,122,2020-07-12,13568,240.0,-34.0,12471.0,144.0,8.0,0.0
123,123,2020-07-13,13697,129.0,-111.0,12617.0,146.0,2.0,0.0
124,124,2020-07-14,13790,93.0,-36.0,12759.0,142.0,-4.0,0.0
125,125,2020-07-15,13948,158.0,65.0,12906.0,147.0,5.0,0.0
126,126,2020-07-16,14125,177.0,19.0,13054.0,148.0,1.0,0.0
127,127,2020-07-17,14348,223.0,46.0,13211.0,157.0,9.0,0.0
128,128,2020-07-18,14495,147.0,-76.0,13379.0,168.0,11.0,0.0
129,129,2020-07-19,14734,239.0,92.0,13551.0,172.0,4.0,0.0
130,130,2020-07-20,14835,101.0,-138.0,13721.0,170.0,-2.0,0.0
131,131,2020-07-21,15125,290.0,189.0,13901.0,180.0,10.0,0.0
132,132,2020-07-22,15273,148.0,-142.0,14085.0,184.0,4.0,0.0
133,133,2020-07-23,15537,264.0,116.0,14276.0,191.0,7.0,0.0
134,134,2020-07-24,15810,273.0,9.0,14472.0,196.0,5.0,1.0
135,135,2020-07-25,16067,257.0,-16.0,14668.0,196.0,0.0,1.0
136,136,2020-07-26,16316,249.0,-8.0,14864.0,196.0,0.0,1.0
137,137,2020-07-27,16506,190.0,-59.0,15065.0,201.0,5.0,1.0
138,138,2020-07-28,16661,155.0,-35.0,15270.0,205.0,4.0,1.0
139,139,2020-07-29,16881,220.0,65.0,15480.0,210.0,5.0,1.0
140,140,2020-07-30,17092,211.0,-9.0,15691.0,211.0,1.0,1.0
141,141,2020-07-31,17316,224.0,13.0,15903.0,212.0,1.0,1.0
142,142,2020-08-01,17547,231.0,7.0,16121.0,218.0,6.0,1.0
143,143,2020-08-02,17789,242.0,11.0,16340.0,219.0,1.0,1.0
144,144,2020-08-03,18009,220.0,-22.0,16566.0,226.0,7.0,1.0
145,145,2020-08-04,18197,188.0,-32.0,16786.0,220.0,-6.0,1.0
146,146,2020-08-05,18393,196.0,8.0,17009.0,223.0,3.0,1.0
147,147,2020-08-06,18641,248.0,52.0,17230.0,221.0,-2.0,1.0
148,148,2020-08-07,18774,133.0,-115.0,17442.0,212.0,-9.0,1.0
149,149,2020-08-08,19057,283.0,150.0,17656.0,214.0,2.0,1.0
150,150,2020-08-09,19271,214.0,-69.0,17867.0,211.0,-3.0,1.0
151,151,2020-08-10,19472,201.0,-13.0,18079.0,212.0,1.0,1.0
152,152,2020-08-11,19569,97.0,-104.0,18286.0,207.0,-5.0,1.0
153,153,2020-08-12,19677,108.0,11.0,18486.0,200.0,-7.0,1.0
154,154,2020-08-13,19873,196.0,88.0,18685.0,199.0,-1.0,1.0
155,155,2020-08-14,20063,190.0,-6.0,18881.0,196.0,-3.0,1.0
156,156,2020-08-15,20251,188.0,-2.0,19074.0,193.0,-3.0,1.0
157,157,2020-08-16,20469,218.0,30.0,19265.0,191.0,-2.0,1.0
158,158,2020-08-17,20625,156.0,-62.0,19452.0,187.0,-4.0,1.0
159,159,2020-08-18,20722,97.0,-59.0,19633.0,181.0,-6.0,1.0
160,160,2020-08-19,20853,131.0,34.0,19808.0,175.0,-6.0,1.0
161,161,2020-08-20,21050,197.0,66.0,19980.0,172.0,-3.0,1.0
162,162,2020-08-21,21270,220.0,23.0,20159.0,179.0,7.0,1.0
163,163,2020-08-22,21466,196.0,-24.0,20331.0,172.0,-7.0,1.0
164,164,2020-08-23,21670,204.0,8.0,20502.0,171.0,-1.0,1.0
165,165,2020-08-24,21846,176.0,-28.0,20672.0,170.0,-1.0,1.0
166,166,2020-08-25,21934,88.0,-88.0,20841.0,169.0,-1.0,1.0
167,167,2020-08-26,22044,110.0,22.0,21010.0,169.0,0.0,1.0
168,168,2020-08-27,22305,261.0,151.0,21183.0,173.0,4.0,1.0
169,169,2020-08-28,22520,215.0,-46.0,21359.0,176.0,3.0,1.0
170,170,2020-08-29,22736,216.0,1.0,21536.0,177.0,1.0,1.0
171,171,2020-08-30,22984,248.0,32.0,21716.0,180.0,3.0,1.0
172,172,2020-08-31,23134,150.0,-98.0,21895.0,179.0,-1.0,1.0
173,173,2020-09-01,23209,75.0,-75.0,22073.0,178.0,-1.0,1.0
174,174,2020-09-02,23372,163.0,88.0,22253.0,180.0,2.0,1.0
175,175,2020-09-03,23569,197.0,34.0,22433.0,180.0,0.0,1.0
176,176,2020-09-04,23798,229.0,32.0,22613.0,180.0,0.0,1.0
177,177,2020-09-05,24026,228.0,-1.0,22796.0,183.0,3.0,1.0
178,178,2020-09-06,24155,129.0,-99.0,22974.0,178.0,-5.0,1.0
179,179,2020-09-07,24299,144.0,15.0,23149.0,175.0,-3.0,1.0
180,180,2020-09-08,24385,86.0,-58.0,23324.0,175.0,0.0,1.0
181,181,2020-09-09,24433,48.0,-38.0,23495.0,171.0,-4.0,1.0
182,182,2020-09-10,24389,-44.0,-92.0,23644.0,149.0,-22.0,1.0
183,183,2020-09-11,24398,9.0,53.0,23778.0,134.0,-15.0,1.0
184,184,2020-09-12,24611,213.0,204.0,23912.0,134.0,0.0,1.0
185,185,2020-09-13,24788,177.0,-36.0,24040.0,128.0,-6.0,1.0
186,186,2020-09-14,24944,156.0,-21.0,24170.0,130.0,2.0,1.0
187,187,2020-09-15,25018,74.0,-82.0,24299.0,129.0,-1.0,1.0
188,188,2020-09-16,25093,75.0,1.0,24422.0,123.0,-6.0,1.0
189,189,2020-09-17,25264,171.0,96.0,24543.0,121.0,-2.0,1.0
190,190,2020-09-18,25454,190.0,19.0,24661.0,118.0,-3.0,1.0
191,191,2020-09-19,25628,174.0,-16.0,24776.0,115.0,-3.0,1.0
192,192,2020-09-20,25857,229.0,55.0,24897.0,121.0,6.0,1.0
193,193,2020-09-21,26054,197.0,-32.0,25023.0,126.0,5.0,1.0
194,194,2020-09-22,26147,93.0,-104.0,25148.0,125.0,-1.0,1.0
195,195,2020-09-23,26264,117.0,24.0,25279.0,131.0,6.0,1.0
196,196,2020-09-24,26447,183.0,66.0,25426.0,147.0,16.0,1.0
197,197,2020-09-25,26706,259.0,76.0,25591.0,165.0,18.0,1.0
198,198,2020-09-26,26960,254.0,-5.0,25759.0,168.0,3.0,1.0
199,199,2020-09-27,27177,217.0,-37.0,25930.0,171.0,3.0,1.0
200,200,2020-09-28,27372,195.0,-22.0,26103.0,173.0,2.0,1.0
201,201,2020-09-29,27557,185.0,-10.0,26284.0,181.0,8.0,1.0
202,202,2020-09-30,27728,171.0,-14.0,26472.0,188.0,7.0,1.0
203,203,2020-10-01,27873,145.0,-26.0,26659.0,187.0,-1.0,1.0
204,204,2020-10-02,28158,285.0,140.0,26852.0,193.0,6.0,1.0
205,205,2020-10-03,28440,282.0,-3.0,27053.0,201.0,8.0,1.0
206,206,2020-10-04,28645,205.0,-77.0,27252.0,199.0,-2.0,1.0
207,207,2020-10-05,28843,198.0,-7.0,27451.0,199.0,0.0,1.0
208,208,2020-10-06,29045,202.0,4.0,27658.0,207.0,8.0,1.0
209,209,2020-10-07,29207,162.0,-40.0,27868.0,210.0,3.0,1.0
210,210,2020-10-08,29404,197.0,35.0,28080.0,212.0,2.0,1.0
211,211,2020-10-09,29661,257.0,60.0,28291.0,211.0,-1.0,1.0
212,212,2020-10-10,29929,268.0,11.0,28503.0,212.0,1.0,1.0
213,213,2020-10-11,30218,289.0,21.0,28720.0,217.0,5.0,1.0
214,214,2020-10-12,30456,238.0,-51.0,28940.0,220.0,3.0,1.0
215,215,2020-10-13,30698,242.0,4.0,29165.0,225.0,5.0,1.0
216,216,2020-10-14,30923,225.0,-17.0,29393.0,228.0,3.0,1.0
217,217,2020-10-15,31161,238.0,13.0,29628.0,235.0,7.0,1.0
218,218,2020-10-16,31472,311.0,73.0,29864.0,236.0,1.0,1.0
219,219,2020-10-17,31749,277.0,-34.0,30101.0,237.0,1.0,1.0
220,220,2020-10-18,32050,301.0,24.0,30344.0,243.0,6.0,1.0
221,221,2020-10-19,32336,286.0,-15.0,30594.0,250.0,7.0,1.0
222,222,2020-10-20,32544,208.0,-78.0,30843.0,249.0,-1.0,1.0
223,223,2020-10-21,32743,199.0,-9.0,31096.0,253.0,4.0,1.0
224,224,2020-10-22,33024,281.0,82.0,31355.0,259.0,6.0,1.0
225,225,2020-10-23,33310,286.0,5.0,31615.0,260.0,1.0,1.0
226,226,2020-10-24,33719,409.0,123.0,31886.0,271.0,11.0,1.0
227,227,2020-10-25,34033,314.0,-95.0,32158.0,272.0,1.0,1.0
228,228,2020-10-26,34290,257.0,-57.0,32432.0,274.0,2.0,1.0
229,229,2020-10-27,34657,367.0,110.0,32715.0,283.0,9.0,1.0
230,230,2020-10-28,34988,331.0,-36.0,33005.0,290.0,7.0,1.0
231,231,2020-10-29,35484,496.0,165.0,33314.0,309.0,19.0,1.0
232,232,2020-10-30,36126,642.0,146.0,33647.0,333.0,24.0,1.0
233,233,2020-10-31,36580,454.0,-188.0,33992.0,345.0,12.0,1.0
234,234,2020-11-01,36936,356.0,-98.0,34341.0,349.0,4.0,1.0
235,235,2020-11-02,37513,577.0,221.0,34710.0,369.0,20.0,1.0
236,236,2020-11-03,38272,759.0,182.0,35120.0,410.0,41.0,1.0
237,237,2020-11-04,38911,639.0,-120.0,35560.0,440.0,30.0,1.0
238,238,2020-11-05,39724,813.0,174.0,36039.0,479.0,39.0,1.0
239,239,2020-11-06,40559,835.0,22.0,36557.0,518.0,39.0,1.0
240,240,2020-11-07,41436,877.0,42.0,37108.0,551.0,33.0,1.0
241,241,2020-11-08,42695,1259.0,382.0,37726.0,618.0,67.0,1.0
242,242,2020-11-09,43570,875.0,-384.0,38389.0,663.0,45.0,1.0
243,243,2020-11-10,44547,977.0,102.0,39096.0,707.0,44.0,1.0
244,244,2020-11-11,45372,825.0,-152.0,39838.0,742.0,35.0,1.0
245,245,2020-11-12,46555,1183.0,358.0,40628.0,790.0,48.0,1.0
246,246,2020-11-13,47534,979.0,-204.0,41443.0,815.0,25.0,1.0
247,247,2020-11-14,49262,1728.0,749.0,42349.0,906.0,91.0,1.0
248,248,2020-11-15,50352,1090.0,-638.0,43307.0,958.0,52.0,1.0
249,249,2020-11-16,51712,1360.0,270.0,44322.0,1015.0,57.0,1.0
250,250,2020-11-17,52689,977.0,-383.0,45351.0,1029.0,14.0,1.0
251,251,2020-11-18,53486,797.0,-180.0,46392.0,1041.0,12.0,1.0
252,252,2020-11-19,54662,1176.0,379.0,47459.0,1067.0,26.0,1.0
253,253,2020-11-20,55721,1059.0,-117.0,48542.0,1083.0,16.0,1.0
254,254,2020-11-21,56816,1095.0,36.0,49641.0,1099.0,16.0,1.0
255,255,2020-11-22,57926,1110.0,15.0,50729.0,1088.0,-11.0,1.0
256,256,2020-11-23,59003,1077.0,-33.0,51831.0,1102.0,14.0,1.0
257,257,2020-11-24,60524,1521.0,444.0,52972.0,1141.0,39.0,1.0
258,258,2020-11-25,61651,1127.0,-394.0,54135.0,1163.0,22.0,1.0
259,259,2020-11-26,61651,0.0,-1127.0,55214.0,1079.0,-84.0,1.0
260,260,2020-11-27,62433,782.0,782.0,56278.0,1064.0,-15.0,1.0
261,261,2020-11-28,64142,1709.0,927.0,57341.0,1063.0,-1.0,1.0
262,262,2020-11-29,66164,2022.0,313.0,58470.0,1129.0,66.0,1.0
263,263,2020-11-30,67336,1172.0,-850.0,59586.0,1116.0,-13.0,1.0
264,264,2020-12-01,67913,577.0,-595.0,60673.0,1087.0,-29.0,1.0
265,265,2020-12-02,68898,985.0,408.0,61774.0,1101.0,14.0,1.0
266,266,2020-12-03,70069,1171.0,186.0,62875.0,1101.0,0.0,1.0
267,267,2020-12-04,71192,1123.0,-48.0,63980.0,1105.0,4.0,1.0
268,268,2020-12-05,72366,1174.0,51.0,65091.0,1111.0,6.0,1.0
269,269,2020-12-06,73512,1146.0,-28.0,66204.0,1113.0,2.0,1.0
270,270,2020-12-07,74735,1223.0,77.0,67328.0,1124.0,11.0,1.0
271,271,2020-12-08,75353,618.0,-605.0,68387.0,1059.0,-65.0,1.0
272,272,2020-12-09,76278,925.0,307.0,69432.0,1045.0,-14.0,1.0
273,273,2020-12-10,76902,624.0,-301.0,70521.0,1089.0,44.0,1.0
274,274,2020-12-11,77579,677.0,53.0,71603.0,1082.0,-7.0,1.0
275,275,2020-12-12,78430,851.0,174.0,72623.0,1020.0,-62.0,1.0
276,276,2020-12-13,79134,704.0,-147.0,73550.0,927.0,-93.0,1.0
277,277,2020-12-14,79756,622.0,-82.0,74437.0,887.0,-40.0,1.0
278,278,2020-12-15,80287,531.0,-91.0,75321.0,884.0,-3.0,1.0
279,279,2020-12-16,80696,409.0,-122.0,76164.0,843.0,-41.0,1.0
280,280,2020-12-17,81200,504.0,95.0,76959.0,795.0,-48.0,1.0
281,281,2020-12-18,81645,445.0,-59.0,77705.0,746.0,-49.0,1.0
282,282,2020-12-19,82158,513.0,68.0,78405.0,700.0,-46.0,1.0
283,283,2020-12-20,82734,576.0,63.0,79063.0,658.0,-42.0,1.0
284,284,2020-12-21,83133,399.0,-177.0,79663.0,600.0,-58.0,1.0
285,285,2020-12-22,83520,387.0,-12.0,80247.0,584.0,-16.0,1.0
286,286,2020-12-23,83795,275.0,-112.0,80784.0,537.0,-47.0,1.0
287,287,2020-12-24,84116,321.0,46.0,81299.0,515.0,-22.0,1.0
288,288,2020-12-25,84116,0.0,-321.0,81766.0,467.0,-48.0,1.0
289,289,2020-12-26,84526,410.0,410.0,82201.0,435.0,-32.0,1.0
290,290,2020-12-27,85143,617.0,207.0,82630.0,429.0,-6.0,1.0
291,291,2020-12-28,85354,211.0,-406.0,83030.0,400.0,-29.0,1.0
292,292,2020-12-29,85482,128.0,-83.0,83401.0,371.0,-29.0,1.0
293,293,2020-12-30,85878,396.0,268.0,83771.0,370.0,-1.0,1.0
294,294,2020-12-31,86273,395.0,-1.0,84134.0,363.0,-7.0,1.0
295,295,2021-01-01,86273,0.0,-395.0,84464.0,330.0,-33.0,1.0
296,296,2021-01-02,86762,489.0,489.0,84793.0,329.0,-1.0,1.0
297,297,2021-01-03,87386,624.0,135.0,85126.0,333.0,4.0,1.0
298,298,2021-01-04,88062,676.0,52.0,85478.0,352.0,19.0,1.0
299,299,2021-01-05,88377,315.0,-361.0,85824.0,346.0,-6.0,1.0
300,300,2021-01-06,88832,455.0,140.0,86184.0,360.0,14.0,1.0
301,301,2021-01-07,89175,343.0,-112.0,86546.0,362.0,2.0,1.0
302,302,2021-01-08,89708,533.0,190.0,86945.0,399.0,37.0,1.0
303,303,2021-01-09,90265,557.0,24.0,87355.0,410.0,11.0,1.0
304,304,2021-01-10,90839,574.0,17.0,87762.0,407.0,-3.0,1.0
305,305,2021-01-11,91060,221.0,-353.0,88169.0,407.0,0.0,1.0
306,306,2021-01-12,91292,232.0,11.0,88584.0,415.0,8.0,1.0
307,307,2021-01-13,91596,304.0,72.0,88993.0,409.0,-6.0,1.0
308,308,2021-01-14,91859,263.0,-41.0,89392.0,399.0,-10.0,1.0
309,309,2021-01-15,92172,313.0,50.0,89813.0,421.0,22.0,1.0
310,310,2021-01-16,92491,319.0,6.0,90222.0,409.0,-12.0,1.0
311,311,2021-01-17,92747,256.0,-63.0,90605.0,383.0,-26.0,1.0
312,312,2021-01-18,92930,183.0,-73.0,90953.0,348.0,-35.0,1.0
313,313,2021-01-19,93101,171.0,-12.0,91290.0,337.0,-11.0,1.0
314,314,2021-01-20,93303,202.0,31.0,91610.0,320.0,-17.0,1.0
315,315,2021-01-21,93511,208.0,6.0,91920.0,310.0,-10.0,1.0
316,316,2021-01-22,93813,302.0,94.0,92213.0,293.0,-17.0,1.0
317,317,2021-01-23,94138,325.0,23.0,92489.0,276.0,-17.0,1.0
318,318,2021-01-24,94378,240.0,-85.0,92742.0,253.0,-23.0,1.0
319,319,2021-01-25,94544,166.0,-74.0,92991.0,249.0,-4.0,1.0
320,320,2021-01-26,94707,163.0,-3.0,93235.0,244.0,-5.0,1.0
321,321,2021-01-27,94872,165.0,2.0,93469.0,234.0,-10.0,1.0
322,322,2021-01-28,95126,254.0,89.0,93702.0,233.0,-1.0,1.0
323,323,2021-01-29,95383,257.0,3.0,93932.0,230.0,-3.0,1.0
324,324,2021-01-30,95579,196.0,-61.0,94152.0,220.0,-10.0,1.0
325,325,2021-01-31,95801,222.0,26.0,94370.0,218.0,-2.0,1.0
326,326,2021-02-01,95963,162.0,-60.0,94587.0,217.0,-1.0,1.0
327,327,2021-02-02,96097,134.0,-28.0,94801.0,214.0,-3.0,1.0
328,328,2021-02-03,96262,165.0,31.0,95012.0,211.0,-3.0,1.0
329,329,2021-02-04,96570,308.0,143.0,95231.0,219.0,8.0,1.0
330,330,2021-02-05,96785,215.0,-93.0,95443.0,212.0,-7.0,1.0
331,331,2021-02-06,97000,215.0,0.0,95648.0,205.0,-7.0,1.0
332,332,2021-02-07,97160,160.0,-55.0,95846.0,198.0,-7.0,1.0
333,333,2021-02-08,97297,137.0,-23.0,96043.0,197.0,-1.0,1.0
334,334,2021-02-09,97413,116.0,-21.0,96236.0,193.0,-4.0,1.0
335,335,2021-02-10,97559,146.0,30.0,96428.0,192.0,-1.0,1.0
336,336,2021-02-11,97742,183.0,37.0,96615.0,187.0,-5.0,1.0
337,337,2021-02-12,97956,214.0,31.0,96799.0,184.0,-3.0,1.0
338,338,2021-02-13,98122,166.0,-48.0,96980.0,181.0,-3.0,1.0
339,339,2021-02-14,98278,156.0,-10.0,97157.0,177.0,-4.0,1.0
340,340,2021-02-15,98398,120.0,-36.0,97331.0,174.0,-3.0,1.0
341,341,2021-02-16,98486,88.0,-32.0,97502.0,171.0,-3.0,1.0
342,342,2021-02-17,98644,158.0,70.0,97672.0,170.0,-1.0,1.0
343,343,2021-02-18,98828,184.0,26.0,97833.0,161.0,-9.0,1.0
344,344,2021-02-19,99020,192.0,8.0,97993.0,160.0,-1.0,1.0
345,345,2021-02-20,99189,169.0,-23.0,98149.0,156.0,-4.0,1.0
346,346,2021-02-21,99347,158.0,-11.0,98306.0,157.0,1.0,1.0
347,347,2021-02-22,99448,101.0,-57.0,98459.0,153.0,-4.0,1.0
348,348,2021-02-23,99559,111.0,10.0,98613.0,154.0,1.0,1.0
349,349,2021-02-24,99738,179.0,68.0,98768.0,155.0,1.0,1.0
350,350,2021-02-25,99972,234.0,55.0,98928.0,160.0,5.0,1.0
351,351,2021-02-26,100202,230.0,-4.0,99088.0,160.0,0.0,1.0
352,352,2021-02-27,100379,177.0,-53.0,99249.0,161.0,1.0,1.0
353,353,2021-02-28,100538,159.0,-18.0,99411.0,162.0,1.0,1.0
354,354,2021-03-01,100680,142.0,-17.0,99574.0,163.0,1.0,1.0
355,355,2021-03-02,100764,84.0,-58.0,99736.0,162.0,-1.0,1.0
356,356,2021-03-03,100913,149.0,65.0,99898.0,162.0,0.0,1.0
357,357,2021-03-04,101110,197.0,48.0,100061.0,163.0,1.0,1.0
358,358,2021-03-05,101285,175.0,-22.0,100223.0,162.0,-1.0,1.0
359,359,2021-03-06,101490,205.0,30.0,100388.0,165.0,3.0,1.0
360,360,2021-03-07,101682,192.0,-13.0,100554.0,166.0,1.0,1.0
361,361,2021-03-08,101776,94.0,-98.0,100721.0,167.0,1.0,1.0
362,362,2021-03-09,102109,333.0,239.0,100903.0,182.0,15.0,1.0
363,363,2021-03-10,102270,161.0,-172.0,101084.0,181.0,-1.0,1.0
364,364,2021-03-11,102498,228.0,67.0,101264.0,180.0,-1.0,1.0
365,365,2021-03-12,102700,202.0,-26.0,101442.0,178.0,-2.0,1.0
366,366,2021-03-13,102954,254.0,52.0,101626.0,184.0,6.0,1.0
367,367,2021-03-14,103159,205.0,-49.0,101814.0,188.0,4.0,1.0
368,368,2021-03-15,103329,170.0,-35.0,102003.0,189.0,1.0,1.0
369,369,2021-03-16,103502,173.0,3.0,102198.0,195.0,6.0,1.0
370,370,2021-03-17,103719,217.0,44.0,102399.0,201.0,6.0,1.0
371,371,2021-03-18,104017,298.0,81.0,102606.0,207.0,6.0,1.0
372,372,2021-03-19,104338,321.0,23.0,102824.0,218.0,11.0,1.0
373,373,2021-03-20,104632,294.0,-27.0,103049.0,225.0,7.0,1.0
374,374,2021-03-21,104827,195.0,-99.0,103274.0,225.0,0.0,1.0
375,375,2021-03-22,105097,270.0,75.0,103511.0,237.0,12.0,1.0
376,376,2021-03-23,105294,197.0,-73.0,103738.0,227.0,-10.0,1.0
377,377,2021-03-24,105561,267.0,70.0,103973.0,235.0,8.0,1.0
378,378,2021-03-25,105974,413.0,146.0,104222.0,249.0,14.0,1.0
379,379,2021-03-26,106347,373.0,-40.0,104482.0,260.0,11.0,1.0
380,380,2021-03-27,106737,390.0,17.0,104752.0,270.0,10.0,1.0
381,381,2021-03-28,106987,250.0,-140.0,105026.0,274.0,4.0,1.0
382,382,2021-03-29,107329,342.0,92.0,105312.0,286.0,12.0,1.0
383,383,2021-03-30,107631,302.0,-40.0,105606.0,294.0,8.0,1.0
384,384,2021-03-31,108017,386.0,84.0,105913.0,307.0,13.0,1.0
385,385,2021-04-01,108453,436.0,50.0,106230.0,317.0,10.0,1.0
386,386,2021-04-02,109060,607.0,171.0,106568.0,338.0,21.0,1.0
387,387,2021-04-03,109503,443.0,-164.0,106916.0,348.0,10.0,1.0
388,388,2021-04-04,109503,0.0,-443.0,107250.0,334.0,-14.0,1.0
389,389,2021-04-05,109800,297.0,297.0,107585.0,335.0,1.0,1.0
390,390,2021-04-06,110496,696.0,399.0,107957.0,372.0,37.0,1.0
391,391,2021-04-07,110973,477.0,-219.0,108344.0,387.0,15.0,1.0
392,392,2021-04-08,111536,563.0,86.0,108741.0,397.0,10.0,1.0
393,393,2021-04-09,112083,547.0,-16.0,109151.0,410.0,13.0,1.0
394,394,2021-04-10,112586,503.0,-44.0,109568.0,417.0,7.0,1.0
395,395,2021-04-11,112922,336.0,-167.0,109992.0,424.0,7.0,1.0
396,396,2021-04-12,113380,458.0,122.0,110424.0,432.0,8.0,1.0
397,397,2021-04-13,113667,287.0,-171.0,110856.0,432.0,0.0,1.0
398,398,2021-04-14,113983,316.0,29.0,111282.0,426.0,-6.0,1.0
399,399,2021-04-15,114517,534.0,218.0,111715.0,433.0,7.0,1.0
400,400,2021-04-16,114976,459.0,-75.0,112138.0,423.0,-10.0,1.0
401,401,2021-04-17,115505,529.0,70.0,112566.0,428.0,5.0,1.0
402,402,2021-04-18,115847,342.0,-187.0,113019.0,453.0,25.0,1.0
403,403,2021-04-19,116105,258.0,-84.0,113470.0,451.0,-2.0,1.0
404,404,2021-04-20,116392,287.0,29.0,113891.0,421.0,-30.0,1.0
405,405,2021-04-21,116721,329.0,42.0,114301.0,410.0,-11.0,1.0
406,406,2021-04-22,117078,357.0,28.0,114697.0,396.0,-14.0,1.0
407,407,2021-04-23,117477,399.0,42.0,115083.0,386.0,-10.0,1.0
408,408,2021-04-24,117871,394.0,-5.0,115460.0,377.0,-9.0,1.0
409,409,2021-04-25,118159,288.0,-106.0,115834.0,374.0,-3.0,1.0
410,410,2021-04-26,118370,211.0,-77.0,116191.0,357.0,-17.0,1.0
411,411,2021-04-27,118597,227.0,16.0,116543.0,352.0,-5.0,1.0
412,412,2021-04-28,118899,302.0,75.0,116894.0,351.0,-1.0,1.0
413,413,2021-04-29,119243,344.0,42.0,117231.0,337.0,-14.0,1.0
414,414,2021-04-30,119560,317.0,-27.0,117559.0,328.0,-9.0,1.0
415,415,2021-05-01,119846,286.0,-31.0,117869.0,310.0,-18.0,1.0
416,416,2021-05-02,120196,350.0,64.0,118180.0,311.0,1.0,1.0
417,417,2021-05-03,120414,218.0,-132.0,118487.0,307.0,-4.0,1.0
418,418,2021-05-04,120630,216.0,-2.0,118790.0,303.0,-4.0,1.0
419,419,2021-05-05,120831,201.0,-15.0,119084.0,294.0,-9.0,1.0
420,420,2021-05-06,121148,317.0,116.0,119374.0,290.0,-4.0,1.0
421,421,2021-05-07,121415,267.0,-50.0,119656.0,282.0,-8.0,1.0
422,422,2021-05-08,121633,218.0,-49.0,119924.0,268.0,-14.0,1.0
423,423,2021-05-09,121777,144.0,-74.0,120183.0,259.0,-9.0,1.0
424,424,2021-05-10,122024,247.0,103.0,120444.0,261.0,2.0,1.0
425,425,2021-05-11,122131,107.0,-140.0,120696.0,252.0,-9.0,1.0
426,426,2021-05-12,122274,143.0,36.0,120937.0,241.0,-11.0,1.0
427,427,2021-05-13,122442,168.0,25.0,121166.0,229.0,-12.0,1.0
428,428,2021-05-14,122664,222.0,54.0,121388.0,222.0,-7.0,1.0
429,429,2021-05-15,122817,153.0,-69.0,121600.0,212.0,-10.0,0.0
430,430,2021-05-16,122968,151.0,-2.0,121798.0,198.0,-14.0,0.0
431,431,2021-05-17,123075,107.0,-44.0,121988.0,190.0,-8.0,0.0
432,432,2021-05-18,123162,87.0,-20.0,122169.0,181.0,-9.0,0.0
433,433,2021-05-19,123262,100.0,13.0,122342.0,173.0,-8.0,0.0
434,434,2021-05-20,123410,148.0,48.0,122504.0,162.0,-11.0,0.0
435,435,2021-05-21,123523,113.0,-35.0,122654.0,150.0,-12.0,0.0
436,436,2021-05-22,123625,102.0,-11.0,122797.0,143.0,-7.0,0.0
437,437,2021-05-23,123715,90.0,-12.0,122935.0,138.0,-5.0,0.0
438,438,2021-05-24,123816,101.0,11.0,123063.0,128.0,-10.0,0.0
439,439,2021-05-25,123872,56.0,-45.0,123188.0,125.0,-3.0,0.0
440,440,2021-05-26,123944,72.0,16.0,123307.0,119.0,-6.0,0.0
441,441,2021-05-27,124041,97.0,25.0,123421.0,114.0,-5.0,0.0
442,442,2021-05-28,124129,88.0,-9.0,123526.0,105.0,-9.0,0.0
443,443,2021-05-29,124198,69.0,-19.0,123624.0,98.0,-7.0,0.0
444,444,2021-05-30,124255,57.0,-12.0,123716.0,92.0,-6.0,0.0
445,445,2021-05-31,124255,0.0,-57.0,123800.0,84.0,-8.0,0.0
446,446,2021-06-01,124283,28.0,28.0,123881.0,81.0,-3.0,0.0
447,447,2021-06-02,124322,39.0,11.0,123956.0,75.0,-6.0,0.0
448,448,2021-06-03,124364,42.0,3.0,124024.0,68.0,-7.0,0.0
449,449,2021-06-04,124408,44.0,2.0,124088.0,64.0,-4.0,0.0
450,450,2021-06-05,124470,62.0,18.0,124148.0,60.0,-4.0,0.0
451,451,2021-06-06,124530,60.0,-2.0,124206.0,58.0,-2.0,0.0
452,452,2021-06-07,124575,45.0,-15.0,124260.0,54.0,-4.0,0.0
453,453,2021-06-08,124608,33.0,-12.0,124313.0,53.0,-1.0,0.0
454,454,2021-06-09,124642,34.0,1.0,124363.0,50.0,-3.0,0.0
455,455,2021-06-10,124670,28.0,-6.0,124408.0,45.0,-5.0,0.0
456,456,2021-06-11,124700,30.0,2.0,124449.0,41.0,-4.0,0.0
457,457,2021-06-12,124736,36.0,6.0,124487.0,38.0,-3.0,0.0
458,458,2021-06-13,124765,29.0,-7.0,124523.0,36.0,-2.0,0.0
459,459,2021-06-14,124779,14.0,-15.0,124561.0,38.0,2.0,0.0
460,460,2021-06-15,124801,22.0,8.0,124598.0,37.0,-1.0,0.0
461,461,2021-06-16,124816,15.0,-7.0,124633.0,35.0,-2.0,0.0
462,462,2021-06-17,124863,47.0,32.0,124669.0,36.0,1.0,0.0
463,463,2021-06-18,124892,29.0,-18.0,124703.0,34.0,-2.0,0.0
464,464,2021-06-19,124928,36.0,7.0,124736.0,33.0,-1.0,0.0
465,465,2021-06-20,124967,39.0,3.0,124767.0,31.0,-2.0,0.0
466,466,2021-06-21,124994,27.0,-12.0,124797.0,30.0,-1.0,0.0
467,467,2021-06-22,125016,22.0,-5.0,124826.0,29.0,-1.0,0.0
468,468,2021-06-23,125027,11.0,-11.0,124854.0,28.0,-1.0,0.0
469,469,2021-06-24,125051,24.0,13.0,124881.0,27.0,-1.0,0.0
470,470,2021-06-25,125080,29.0,5.0,124908.0,27.0,0.0,0.0
471,471,2021-06-26,125100,20.0,-9.0,124934.0,26.0,-1.0,0.0
472,472,2021-06-27,125125,25.0,5.0,124960.0,26.0,0.0,0.0
473,473,2021-06-28,125156,31.0,6.0,124987.0,27.0,1.0,0.0
474,474,2021-06-29,125181,25.0,-6.0,125014.0,27.0,0.0,0.0
475,475,2021-06-30,125204,23.0,-2.0,125042.0,28.0,1.0,0.0
476,476,2021-07-01,125221,17.0,-6.0,125067.0,25.0,-3.0,0.0
477,477,2021-07-02,125243,22.0,5.0,125092.0,25.0,0.0,0.0
478,478,2021-07-03,125276,33.0,11.0,125117.0,25.0,0.0,0.0
479,479,2021-07-04,125276,0.0,-33.0,125139.0,22.0,-3.0,0.0
480,480,2021-07-05,125276,0.0,0.0,125159.0,20.0,-2.0,0.0
481,481,2021-07-06,125311,35.0,35.0,125180.0,21.0,1.0,0.0
482,482,2021-07-07,125367,56.0,21.0,125205.0,25.0,4.0,0.0
483,483,2021-07-08,125397,30.0,-26.0,125230.0,25.0,0.0,0.0
484,484,2021-07-09,125434,37.0,7.0,125255.0,25.0,0.0,0.0
485,485,2021-07-10,125434,0.0,-37.0,125279.0,24.0,-1.0,0.0
486,486,2021-07-11,125434,0.0,0.0,125301.0,22.0,-2.0,0.0
487,487,2021-07-12,125490,56.0,56.0,125325.0,24.0,2.0,0.0
488,488,2021-07-13,125597,107.0,51.0,125354.0,29.0,5.0,0.0
489,489,2021-07-14,125657,60.0,-47.0,125387.0,33.0,4.0,0.0
490,490,2021-07-15,125699,42.0,-18.0,125421.0,34.0,1.0,0.0
491,491,2021-07-16,125762,63.0,21.0,125458.0,37.0,3.0,0.0
492,492,2021-07-17,125762,0.0,-63.0,125493.0,35.0,-2.0,0.0
493,493,2021-07-18,125762,0.0,0.0,125527.0,34.0,-1.0,0.0
494,494,2021-07-19,125842,80.0,80.0,125568.0,41.0,7.0,0.0
495,495,2021-07-20,126010,168.0,88.0,125618.0,50.0,9.0,0.0
496,496,2021-07-21,126079,69.0,-99.0,125668.0,50.0,0.0,0.0
497,497,2021-07-22,126163,84.0,15.0,125723.0,55.0,5.0,0.0
498,498,2021-07-23,126249,86.0,2.0,125781.0,58.0,3.0,0.0
499,499,2021-07-24,126249,0.0,-86.0,125840.0,59.0,1.0,0.0
500,500,2021-07-25,126249,0.0,0.0,125898.0,58.0,-1.0,0.0
501,501,2021-07-26,126348,99.0,99.0,125959.0,61.0,3.0,0.0
502,502,2021-07-27,126640,292.0,193.0,126034.0,75.0,14.0,0.0
503,503,2021-07-28,126788,148.0,-144.0,126114.0,80.0,5.0,0.0
504,504,2021-07-29,126920,132.0,-16.0,126202.0,88.0,8.0,0.0
505,505,2021-07-30,127080,160.0,28.0,126296.0,94.0,6.0,0.0
506,506,2021-07-31,127080,0.0,-160.0,126390.0,94.0,0.0,0.0
507,507,2021-08-01,127080,0.0,0.0,126484.0,94.0,0.0,0.0
508,508,2021-08-02,127240,160.0,160.0,126584.0,100.0,6.0,0.0
509,509,2021-08-03,127667,427.0,267.0,126702.0,118.0,18.0,0.0
510,510,2021-08-04,127906,239.0,-188.0,126833.0,131.0,13.0,0.0
511,511,2021-08-05,128141,235.0,-4.0,126974.0,141.0,10.0,0.0
512,512,2021-08-06,128416,275.0,40.0,127129.0,155.0,14.0,0.0
513,513,2021-08-07,128416,0.0,-275.0,127284.0,155.0,0.0,0.0
514,514,2021-08-08,128416,0.0,0.0,127438.0,154.0,-1.0,0.0
515,515,2021-08-09,128655,239.0,239.0,127603.0,165.0,11.0,0.0
516,516,2021-08-10,129038,383.0,144.0,127774.0,171.0,6.0,0.0
517,517,2021-08-11,129461,423.0,40.0,127965.0,191.0,20.0,0.0
518,518,2021-08-12,129787,326.0,-97.0,128170.0,205.0,14.0,0.0
519,519,2021-08-13,130053,266.0,-60.0,128383.0,213.0,8.0,0.0
520,520,2021-08-14,130053,0.0,-266.0,128595.0,212.0,-1.0,0.0
521,521,2021-08-15,130053,0.0,0.0,128807.0,212.0,0.0,0.0
522,522,2021-08-16,130361,308.0,308.0,129030.0,223.0,11.0,0.0
523,523,2021-08-17,131024,663.0,355.0,129270.0,240.0,17.0,0.0
524,524,2021-08-18,131251,227.0,-436.0,129509.0,239.0,-1.0,0.0
525,525,2021-08-19,131471,220.0,-7.0,129747.0,238.0,-1.0,0.0
526,526,2021-08-20,131806,335.0,115.0,129989.0,242.0,4.0,0.0
527,527,2021-08-21,131806,0.0,-335.0,130231.0,242.0,0.0,0.0
528,528,2021-08-22,131806,0.0,0.0,130473.0,242.0,0.0,0.0
529,529,2021-08-23,132176,370.0,370.0,130725.0,252.0,10.0,0.0
530,530,2021-08-24,132922,746.0,376.0,131002.0,277.0,25.0,0.0
531,531,2021-08-25,133253,331.0,-415.0,131273.0,271.0,-6.0,0.0
532,532,2021-08-26,133628,375.0,44.0,131547.0,274.0,3.0,0.0
533,533,2021-08-27,133951,323.0,-52.0,131826.0,279.0,5.0,0.0
534,534,2021-08-28,133951,0.0,-323.0,132104.0,278.0,-1.0,0.0
535,535,2021-08-29,133951,0.0,0.0,132383.0,279.0,1.0,0.0
536,536,2021-08-30,134308,357.0,357.0,132665.0,282.0,3.0,0.0
537,537,2021-08-31,135016,708.0,351.0,132950.0,285.0,3.0,0.0
538,538,2021-09-01,135270,254.0,-454.0,133237.0,287.0,2.0,0.0
539,539,2021-09-02,135612,342.0,88.0,133533.0,296.0,9.0,0.0
540,540,2021-09-03,135989,377.0,35.0,133831.0,298.0,2.0,0.0
541,541,2021-09-04,135989,0.0,-377.0,134130.0,299.0,1.0,0.0
542,542,2021-09-05,135989,0.0,0.0,134429.0,299.0,0.0,0.0
543,543,2021-09-06,135989,0.0,0.0,134701.0,272.0,-27.0,0.0
544,544,2021-09-07,136379,390.0,390.0,134948.0,247.0,-25.0,0.0
545,545,2021-09-08,137436,1057.0,667.0,135247.0,299.0,52.0,0.0
546,546,2021-09-09,137690,254.0,-803.0,135537.0,290.0,-9.0,0.0
547,547,2021-09-10,137994,304.0,50.0,135826.0,289.0,-1.0,0.0
548,548,2021-09-11,137994,0.0,-304.0,136115.0,289.0,0.0,0.0
549,549,2021-09-12,137994,0.0,0.0,136404.0,289.0,0.0,0.0
550,550,2021-09-13,138425,431.0,431.0,136698.0,294.0,5.0,0.0
551,551,2021-09-14,139244,819.0,388.0,137000.0,302.0,8.0,0.0
552,552,2021-09-15,139659,415.0,-404.0,137313.0,313.0,11.0,0.0
553,553,2021-09-16,139999,340.0,-75.0,137626.0,313.0,0.0,0.0
554,554,2021-09-17,140392,393.0,53.0,137941.0,315.0,2.0,0.0
555,555,2021-09-18,140392,0.0,-393.0,138255.0,314.0,-1.0,0.0
556,556,2021-09-19,140392,0.0,0.0,138570.0,315.0,1.0,0.0
557,557,2021-09-20,140785,393.0,393.0,138912.0,342.0,27.0,0.0
558,558,2021-09-21,141775,990.0,597.0,139298.0,386.0,44.0,0.0
559,559,2021-09-22,142036,261.0,-729.0,139626.0,328.0,-58.0,0.0
560,560,2021-09-23,142377,341.0,80.0,139961.0,335.0,7.0,0.0
561,561,2021-09-24,142771,394.0,53.0,140302.0,341.0,6.0,0.0
562,562,2021-09-25,142771,0.0,-394.0,140644.0,342.0,1.0,0.0
563,563,2021-09-26,142771,0.0,0.0,140985.0,341.0,-1.0,0.0
564,564,2021-09-27,143126,355.0,355.0,141321.0,336.0,-5.0,0.0
565,565,2021-09-28,144069,943.0,588.0,141665.0,344.0,8.0,0.0
566,566,2021-09-29,144322,253.0,-690.0,141998.0,333.0,-11.0,0.0
567,567,2021-09-30,144695,373.0,120.0,142334.0,336.0,3.0,0.0
568,568,2021-10-01,145233,538.0,165.0,142680.0,346.0,10.0,0.0
569,569,2021-10-02,145233,0.0,-538.0,143025.0,345.0,-1.0,0.0
570,570,2021-10-03,145233,0.0,0.0,143371.0,346.0,1.0,0.0
571,571,2021-10-04,145674,441.0,441.0,143720.0,349.0,3.0,0.0
572,572,2021-10-05,146828,1154.0,713.0,144081.0,361.0,12.0,0.0
573,573,2021-10-06,147494,666.0,-488.0,144471.0,390.0,29.0,0.0
574,574,2021-10-07,147851,357.0,-309.0,144862.0,391.0,1.0,0.0
575,575,2021-10-08,148439,588.0,231.0,145267.0,405.0,14.0,0.0
576,576,2021-10-09,148439,0.0,-588.0,145672.0,405.0,0.0,0.0
577,577,2021-10-10,148439,0.0,0.0,146077.0,405.0,0.0,0.0
578,578,2021-10-11,148887,448.0,448.0,146488.0,411.0,6.0,0.0
579,579,2021-10-12,150041,1154.0,706.0,146915.0,427.0,16.0,0.0
580,580,2021-10-13,150445,404.0,-750.0,147352.0,437.0,10.0,0.0
581,581,2021-10-14,150856,411.0,7.0,147792.0,440.0,3.0,0.0
582,582,2021-10-15,151329,473.0,62.0,148228.0,436.0,-4.0,0.0
583,583,2021-10-16,151329,0.0,-473.0,148663.0,435.0,-1.0,0.0
584,584,2021-10-17,151329,0.0,0.0,149099.0,436.0,1.0,0.0
585,585,2021-10-18,151755,426.0,426.0,149533.0,434.0,-2.0,0.0
586,586,2021-10-19,152688,933.0,507.0,149952.0,419.0,-15.0,0.0
587,587,2021-10-20,152926,238.0,-695.0,150340.0,388.0,-31.0,0.0
588,588,2021-10-21,153348,422.0,184.0,150732.0,392.0,4.0,0.0
589,589,2021-10-22,153749,401.0,-21.0,151111.0,379.0,-13.0,0.0
590,590,2021-10-23,153749,0.0,-401.0,151491.0,380.0,1.0,0.0
591,591,2021-10-24,153749,0.0,0.0,151870.0,379.0,-1.0,0.0
592,592,2021-10-25,154134,385.0,385.0,152245.0,375.0,-4.0,0.0
593,593,2021-10-26,155199,1065.0,680.0,152613.0,368.0,-7.0,0.0
594,594,2021-10-27,155507,308.0,-757.0,152975.0,362.0,-6.0,0.0
595,595,2021-10-28,155861,354.0,46.0,153332.0,357.0,-5.0,0.0
596,596,2021-10-29,156327,466.0,112.0,153689.0,357.0,0.0,0.0
597,597,2021-10-30,156327,0.0,-466.0,154046.0,357.0,0.0,0.0
598,598,2021-10-31,156327,0.0,0.0,154403.0,357.0,0.0,0.0
599,599,2021-11-01,158408,2081.0,2081.0,154878.0,475.0,118.0,0.0
600,600,2021-11-02,159574,1166.0,-915.0,155370.0,492.0,17.0,0.0
601,601,2021-11-03,160028,454.0,-712.0,155878.0,508.0,16.0,0.0
602,602,2021-11-04,160547,519.0,65.0,156392.0,514.0,6.0,0.0
603,603,2021-11-05,161064,517.0,-2.0,156914.0,522.0,8.0,0.0
604,604,2021-11-06,161064,0.0,-517.0,157437.0,523.0,1.0,0.0
605,605,2021-11-07,161064,0.0,0.0,157959.0,522.0,-1.0,0.0
606,606,2021-11-08,161774,710.0,710.0,158505.0,546.0,24.0,0.0
607,607,2021-11-09,163032,1258.0,548.0,159065.0,560.0,14.0,0.0
608,608,2021-11-10,163976,944.0,-314.0,159670.0,605.0,45.0,0.0
609,609,2021-11-11,164792,816.0,-128.0,160307.0,637.0,32.0,0.0
610,610,2021-11-12,165628,836.0,20.0,160972.0,665.0,28.0,0.0
611,611,2021-11-13,165628,0.0,-836.0,161636.0,664.0,-1.0,0.0
612,612,2021-11-14,165628,0.0,0.0,162300.0,664.0,0.0,0.0
613,613,2021-11-15,166609,981.0,981.0,162886.0,586.0,-78.0,0.0
614,614,2021-11-16,168542,1933.0,952.0,163527.0,641.0,55.0,0.0
615,615,2021-11-17,169233,691.0,-1242.0,164184.0,657.0,16.0,0.0
616,616,2021-11-18,170048,815.0,124.0,164863.0,679.0,22.0,0.0
617,617,2021-11-19,170874,826.0,11.0,165564.0,701.0,22.0,0.0
618,618,2021-11-20,170874,0.0,-826.0,166264.0,700.0,-1.0,0.0
619,619,2021-11-21,170874,0.0,0.0,166965.0,701.0,1.0,0.0
620,620,2021-11-22,171633,759.0,759.0,167669.0,704.0,3.0,0.0
621,621,2021-11-23,173631,1998.0,1239.0,168426.0,757.0,53.0,0.0
622,622,2021-11-24,174365,734.0,-1264.0,169168.0,742.0,-15.0,0.0
623,623,2021-11-25,174365,0.0,-734.0,169852.0,684.0,-58.0,0.0
624,624,2021-11-26,174977,612.0,612.0,170520.0,668.0,-16.0,0.0
625,625,2021-11-27,174977,0.0,-612.0,171188.0,668.0,0.0,0.0
626,626,2021-11-28,174977,0.0,0.0,171856.0,668.0,0.0,0.0
627,627,2021-11-29,175783,806.0,806.0,172511.0,655.0,-13.0,0.0
628,628,2021-11-30,178049,2266.0,1460.0,173190.0,679.0,24.0,0.0
629,629,2021-12-01,178683,634.0,-1632.0,173865.0,675.0,-4.0,0.0
630,630,2021-12-02,179781,1098.0,464.0,174560.0,695.0,20.0,0.0
631,631,2021-12-03,180913,1132.0,34.0,175277.0,717.0,22.0,0.0
632,632,2021-12-04,180913,0.0,-1132.0,175994.0,717.0,0.0,0.0
633,633,2021-12-05,180913,0.0,0.0,176711.0,717.0,0.0,0.0
634,634,2021-12-06,181940,1027.0,1027.0,177448.0,737.0,20.0,0.0
635,635,2021-12-07,184376,2436.0,1409.0,178215.0,767.0,30.0,0.0
636,636,2021-12-08,185057,681.0,-1755.0,178979.0,764.0,-3.0,0.0
637,637,2021-12-09,185762,705.0,24.0,179793.0,814.0,50.0,0.0
638,638,2021-12-10,186697,935.0,230.0,180630.0,837.0,23.0,0.0
639,639,2021-12-11,186697,0.0,-935.0,181467.0,837.0,0.0,0.0
640,640,2021-12-12,186697,0.0,0.0,182304.0,837.0,0.0,0.0
641,641,2021-12-13,187296,599.0,599.0,183127.0,823.0,-14.0,0.0
642,642,2021-12-14,189196,1900.0,1301.0,183923.0,796.0,-27.0,0.0
643,643,2021-12-15,189549,353.0,-1547.0,184699.0,776.0,-20.0,0.0
644,644,2021-12-16,190309,760.0,407.0,185451.0,752.0,-24.0,0.0
645,645,2021-12-17,191052,743.0,-17.0,186175.0,724.0,-28.0,0.0
646,646,2021-12-18,191052,0.0,-743.0,186900.0,725.0,1.0,0.0
647,647,2021-12-19,191052,0.0,0.0,187624.0,724.0,-1.0,0.0
648,648,2021-12-20,191712,660.0,660.0,188322.0,698.0,-26.0,0.0
649,649,2021-12-21,193486,1774.0,1114.0,188972.0,650.0,-48.0,0.0
650,650,2021-12-22,194286,800.0,-974.0,189632.0,660.0,10.0,0.0
651,651,2021-12-23,195164,878.0,78.0,190303.0,671.0,11.0,0.0
652,652,2021-12-24,195164,0.0,-878.0,190908.0,605.0,-66.0,0.0
653,653,2021-12-25,195164,0.0,0.0,191513.0,605.0,0.0,0.0
654,654,2021-12-26,195164,0.0,0.0,192118.0,605.0,0.0,0.0
655,655,2021-12-27,196397,1233.0,1233.0,192768.0,650.0,45.0,0.0
656,656,2021-12-28,199170,2773.0,1540.0,193480.0,712.0,62.0,0.0
657,657,2021-12-29,201420,2250.0,-523.0,194328.0,848.0,136.0,0.0
658,658,2021-12-30,203703,2283.0,33.0,195285.0,957.0,109.0,0.0
659,659,2021-12-31,203703,0.0,-2283.0,196188.0,903.0,-54.0,0.0
660,660,2022-01-01,203703,0.0,0.0,197092.0,904.0,1.0,0.0
661,661,2022-01-02,203703,0.0,0.0,197996.0,904.0,0.0,0.0
662,662,2022-01-03,206084,2381.0,2381.0,199022.0,1026.0,122.0,0.0
663,663,2022-01-04,211920,5836.0,3455.0,200339.0,1317.0,291.0,0.0
664,664,2022-01-05,213184,1264.0,-4572.0,201689.0,1350.0,33.0,0.0
665,665,2022-01-06,215242,2058.0,794.0,203123.0,1434.0,84.0,0.0
666,666,2022-01-07,217270,2028.0,-30.0,204702.0,1579.0,145.0,0.0
667,667,2022-01-08,217270,0.0,-2028.0,206281.0,1579.0,0.0,0.0
668,668,2022-01-09,217270,0.0,0.0,207860.0,1579.0,0.0,0.0
669,669,2022-01-10,220433,3163.0,3163.0,209577.0,1717.0,138.0,0.0
670,670,2022-01-11,227504,7071.0,3908.0,211601.0,2024.0,307.0,0.0
671,671,2022-01-12,229701,2197.0,-4874.0,213621.0,2020.0,-4.0,0.0
672,672,2022-01-13,233623,3922.0,1725.0,215758.0,2137.0,117.0,0.0
673,673,2022-01-14,236645,3022.0,-900.0,218111.0,2353.0,216.0,0.0
674,674,2022-01-15,236645,0.0,-3022.0,220464.0,2353.0,0.0,0.0
675,675,2022-01-16,236645,0.0,0.0,222817.0,2353.0,0.0,0.0
676,676,2022-01-17,236645,0.0,0.0,225000.0,2183.0,-170.0,0.0
677,677,2022-01-18,239529,2884.0,2884.0,226972.0,1972.0,-211.0,0.0
678,678,2022-01-19,247696,8167.0,5283.0,229437.0,2465.0,493.0,0.0
679,679,2022-01-20,250441,2745.0,-5422.0,231951.0,2514.0,49.0,0.0
680,680,2022-01-21,255452,5011.0,2266.0,234678.0,2727.0,213.0,0.0
681,681,2022-01-22,255452,0.0,-5011.0,237406.0,2728.0,1.0,0.0
682,682,2022-01-23,255452,0.0,0.0,240133.0,2727.0,-1.0,0.0
683,683,2022-01-24,258046,2594.0,2594.0,242820.0,2687.0,-40.0,0.0
684,684,2022-01-25,264001,5955.0,3361.0,245427.0,2607.0,-80.0,0.0
685,685,2022-01-26,266594,2593.0,-3362.0,248062.0,2635.0,28.0,0.0
686,686,2022-01-27,271188,4594.0,2001.0,250745.0,2683.0,48.0,0.0
687,687,2022-01-28,273229,2041.0,-2553.0,253358.0,2613.0,-70.0,0.0
688,688,2022-01-29,273229,0.0,-2041.0,255971.0,2613.0,0.0,0.0
689,689,2022-01-30,273229,0.0,0.0,258584.0,2613.0,0.0,0.0
690,690,2022-01-31,276191,2962.0,2962.0,261409.0,2825.0,212.0,0.0
691,691,2022-02-01,279527,3336.0,374.0,264266.0,2857.0,32.0,0.0
692,692,2022-02-02,281523,1996.0,-1340.0,266682.0,2416.0,-441.0,0.0
693,693,2022-02-03,282382,859.0,-1137.0,268964.0,2282.0,-134.0,0.0
694,694,2022-02-04,283455,1073.0,214.0,270964.0,2000.0,-282.0,0.0
695,695,2022-02-05,283455,0.0,-1073.0,272964.0,2000.0,0.0,0.0
696,696,2022-02-06,283455,0.0,0.0,274965.0,2001.0,1.0,0.0
697,697,2022-02-07,284588,1133.0,1133.0,276860.0,1895.0,-106.0,0.0
698,698,2022-02-08,286185,1597.0,464.0,278445.0,1585.0,-310.0,0.0
699,699,2022-02-09,287247,1062.0,-535.0,279920.0,1475.0,-110.0,0.0
700,700,2022-02-10,287957,710.0,-352.0,281118.0,1198.0,-277.0,0.0
701,701,2022-02-11,288433,476.0,-234.0,282204.0,1086.0,-112.0,0.0
702,702,2022-02-12,288433,0.0,-476.0,283290.0,1086.0,0.0,0.0
703,703,2022-02-13,288433,0.0,0.0,284376.0,1086.0,0.0,0.0
704,704,2022-02-14,289465,1032.0,1032.0,285324.0,948.0,-138.0,0.0
705,705,2022-02-15,290386,921.0,-111.0,286100.0,776.0,-172.0,0.0
706,706,2022-02-16,290635,249.0,-672.0,286751.0,651.0,-125.0,0.0
707,707,2022-02-17,290806,171.0,-78.0,287352.0,601.0,-50.0,0.0
708,708,2022-02-18,291774,968.0,797.0,287947.0,595.0,-6.0,0.0
709,709,2022-02-19,291774,0.0,-968.0,288541.0,594.0,-1.0,0.0
710,710,2022-02-20,291774,0.0,0.0,289135.0,594.0,0.0,0.0
711,711,2022-02-21,291774,0.0,0.0,289648.0,513.0,-81.0,0.0
712,712,2022-02-22,292157,383.0,383.0,290075.0,427.0,-86.0,0.0
713,713,2022-02-23,293230,1073.0,690.0,290502.0,427.0,0.0,0.0
714,714,2022-02-24,293437,207.0,-866.0,290894.0,392.0,-35.0,0.0
715,715,2022-02-25,293617,180.0,-27.0,291264.0,370.0,-22.0,0.0
716,716,2022-02-26,293617,0.0,-180.0,291634.0,370.0,0.0,0.0
717,717,2022-02-27,293617,0.0,0.0,292004.0,370.0,0.0,0.0
718,718,2022-02-28,293794,177.0,177.0,292314.0,310.0,-60.0,0.0
719,719,2022-03-01,294209,415.0,238.0,292587.0,273.0,-37.0,0.0
720,720,2022-03-02,294111,-98.0,-513.0,292835.0,248.0,-25.0,0.0
721,721,2022-03-03,294230,119.0,217.0,293080.0,245.0,-3.0,0.0
722,722,2022-03-04,294395,165.0,46.0,293267.0,187.0,-58.0,0.0
723,723,2022-03-05,294395,0.0,-165.0,293454.0,187.0,0.0,0.0
724,724,2022-03-06,294395,0.0,0.0,293641.0,187.0,0.0,0.0
725,725,2022-03-07,294543,148.0,148.0,293839.0,198.0,11.0,0.0
726,726,2022-03-08,294821,278.0,130.0,294029.0,190.0,-8.0,0.0
727,727,2022-03-09,294961,140.0,-138.0,294153.0,124.0,-66.0,0.0
728,728,2022-03-10,295074,113.0,-27.0,294270.0,117.0,-7.0,0.0
729,729,2022-03-11,295599,525.0,412.0,294412.0,142.0,25.0,0.0
730,730,2022-03-12,295599,0.0,-525.0,294553.0,141.0,-1.0,0.0
731,731,2022-03-13,295599,0.0,0.0,294695.0,142.0,1.0,0.0
732,732,2022-03-14,295722,123.0,123.0,294832.0,137.0,-5.0,0.0
733,733,2022-03-15,295836,114.0,-9.0,294949.0,117.0,-20.0,0.0
734,734,2022-03-16,296036,200.0,86.0,295086.0,137.0,20.0,0.0
735,735,2022-03-17,296139,103.0,-97.0,295222.0,136.0,-1.0,0.0
736,736,2022-03-18,296259,120.0,17.0,295356.0,134.0,-2.0,0.0
737,737,2022-03-19,296259,0.0,-120.0,295489.0,133.0,-1.0,0.0
738,738,2022-03-20,296259,0.0,0.0,295622.0,133.0,0.0,0.0
739,739,2022-03-21,296362,103.0,103.0,295752.0,130.0,-3.0,0.0
740,740,2022-03-22,296663,301.0,198.0,295883.0,131.0,1.0,0.0
741,741,2022-03-23,296747,84.0,-217.0,296011.0,128.0,-3.0,0.0
742,742,2022-03-24,296851,104.0,20.0,296138.0,127.0,-1.0,0.0
743,743,2022-03-25,296976,125.0,21.0,296236.0,98.0,-29.0,0.0
744,744,2022-03-26,296976,0.0,-125.0,296335.0,99.0,1.0,0.0
745,745,2022-03-27,296976,0.0,0.0,296433.0,98.0,-1.0,0.0
746,746,2022-03-28,297100,124.0,124.0,296531.0,98.0,0.0,0.0
747,747,2022-03-29,297357,257.0,133.0,296640.0,109.0,11.0,0.0
748,748,2022-03-30,297465,108.0,-149.0,296742.0,102.0,-7.0,0.0
749,749,2022-03-31,297626,161.0,53.0,296848.0,106.0,4.0,0.0
750,750,2022-04-01,297785,159.0,-2.0,296957.0,109.0,3.0,0.0
751,751,2022-04-02,297785,0.0,-159.0,297066.0,109.0,0.0,0.0
752,752,2022-04-03,297785,0.0,0.0,297175.0,109.0,0.0,0.0
753,753,2022-04-04,297923,138.0,138.0,297287.0,112.0,3.0,0.0
754,754,2022-04-05,298231,308.0,170.0,297399.0,112.0,0.0,0.0
755,755,2022-04-06,298334,103.0,-205.0,297512.0,113.0,1.0,0.0
756,756,2022-04-07,298504,170.0,67.0,297630.0,118.0,5.0,0.0
757,757,2022-04-08,298679,175.0,5.0,297752.0,122.0,4.0,0.0
758,758,2022-04-09,298679,0.0,-175.0,297874.0,122.0,0.0,0.0
759,759,2022-04-10,298679,0.0,0.0,297995.0,121.0,-1.0,0.0
760,760,2022-04-11,298890,211.0,211.0,298123.0,128.0,7.0,0.0
761,761,2022-04-12,299324,434.0,223.0,298264.0,141.0,13.0,0.0
762,762,2022-04-13,299545,221.0,-213.0,298412.0,148.0,7.0,0.0
763,763,2022-04-14,299806,261.0,40.0,298568.0,156.0,8.0,0.0
764,764,2022-04-15,300081,275.0,14.0,298732.0,164.0,8.0,0.0
765,765,2022-04-16,300081,0.0,-275.0,298896.0,164.0,0.0,0.0
766,766,2022-04-17,300081,0.0,0.0,299060.0,164.0,0.0,0.0
767,767,2022-04-18,300397,316.0,316.0,299236.0,176.0,12.0,0.0
768,768,2022-04-19,301001,604.0,288.0,299434.0,198.0,22.0,0.0
769,769,2022-04-20,301310,309.0,-295.0,299647.0,213.0,15.0,0.0
770,770,2022-04-21,301666,356.0,47.0,299873.0,226.0,13.0,0.0
771,771,2022-04-22,302128,462.0,106.0,300119.0,246.0,20.0,0.0
772,772,2022-04-23,302128,0.0,-462.0,300366.0,247.0,1.0,0.0
773,773,2022-04-24,302128,0.0,0.0,300612.0,246.0,-1.0,0.0
774,774,2022-04-25,302522,394.0,394.0,300871.0,259.0,13.0,0.0
775,775,2022-04-26,303352,830.0,436.0,301159.0,288.0,29.0,0.0
776,776,2022-04-27,303773,421.0,-409.0,301461.0,302.0,14.0,0.0
777,777,2022-04-28,304231,458.0,37.0,301777.0,316.0,14.0,0.0
778,778,2022-04-29,304826,595.0,137.0,302116.0,339.0,23.0,0.0
779,779,2022-04-30,304826,0.0,-595.0,302455.0,339.0,0.0,0.0
780,780,2022-05-01,304826,0.0,0.0,302794.0,339.0,0.0,0.0
781,781,2022-05-02,305401,575.0,575.0,303151.0,357.0,18.0,0.0
782,782,2022-05-03,306229,828.0,253.0,303525.0,374.0,17.0,0.0
783,783,2022-05-04,307047,818.0,-10.0,303934.0,409.0,35.0,0.0
784,784,2022-05-05,307781,734.0,-84.0,304371.0,437.0,28.0,0.0
785,785,2022-05-06,308433,652.0,-82.0,304822.0,451.0,14.0,0.0
786,786,2022-05-07,308433,0.0,-652.0,305272.0,450.0,-1.0,0.0
787,787,2022-05-08,308433,0.0,0.0,305722.0,450.0,0.0,0.0
788,788,2022-05-09,309246,813.0,813.0,306203.0,481.0,31.0,0.0
789,789,2022-05-10,310852,1606.0,793.0,306738.0,535.0,54.0,0.0
790,790,2022-05-11,311320,468.0,-1138.0,307277.0,539.0,4.0,0.0
791,791,2022-05-12,312105,785.0,317.0,307840.0,563.0,24.0,0.0
792,792,2022-05-13,312909,804.0,19.0,308417.0,577.0,14.0,0.0
793,793,2022-05-14,312909,0.0,-804.0,308995.0,578.0,1.0,0.0
794,794,2022-05-15,312909,0.0,0.0,309572.0,577.0,-1.0,0.0
795,795,2022-05-16,313719,810.0,810.0,310166.0,594.0,17.0,0.0
796,796,2022-05-17,315007,1288.0,478.0,310793.0,627.0,33.0,0.0
797,797,2022-05-18,315649,642.0,-646.0,311408.0,615.0,-12.0,0.0
798,798,2022-05-19,316263,614.0,-28.0,312013.0,605.0,-10.0,0.0
799,799,2022-05-20,316916,653.0,39.0,312619.0,606.0,1.0,0.0
800,800,2022-05-21,316916,0.0,-653.0,313225.0,606.0,0.0,0.0
801,801,2022-05-22,316916,0.0,0.0,313831.0,606.0,0.0,0.0
802,802,2022-05-23,317527,611.0,611.0,314423.0,592.0,-14.0,0.0
803,803,2022-05-24,318716,1189.0,578.0,314984.0,561.0,-31.0,0.0
804,804,2022-05-25,319159,443.0,-746.0,315544.0,560.0,-1.0,0.0
805,805,2022-05-26,319782,623.0,180.0,316093.0,549.0,-11.0,0.0
806,806,2022-05-27,320389,607.0,-16.0,316627.0,534.0,-15.0,0.0
807,807,2022-05-28,320389,0.0,-607.0,317161.0,534.0,0.0,0.0
808,808,2022-05-29,320389,0.0,0.0,317696.0,535.0,1.0,0.0
809,809,2022-05-30,320389,0.0,0.0,318172.0,476.0,-59.0,0.0
810,810,2022-05-31,320976,587.0,587.0,318598.0,426.0,-50.0,0.0
811,811,2022-06-01,321484,508.0,-79.0,319015.0,417.0,-9.0,0.0
812,812,2022-06-02,322845,1361.0,853.0,319485.0,470.0,53.0,0.0
813,813,2022-06-03,323341,496.0,-865.0,319944.0,459.0,-11.0,0.0
814,814,2022-06-04,323341,0.0,-496.0,320403.0,459.0,0.0,0.0
815,815,2022-06-05,323341,0.0,0.0,320862.0,459.0,0.0,0.0
816,816,2022-06-06,323934,593.0,593.0,321320.0,458.0,-1.0,0.0
817,817,2022-06-07,325100,1166.0,573.0,321776.0,456.0,-2.0,0.0
818,818,2022-06-08,325469,369.0,-797.0,322226.0,450.0,-6.0,0.0
819,819,2022-06-09,325959,490.0,121.0,322668.0,442.0,-8.0,0.0
820,820,2022-06-10,326528,569.0,79.0,323106.0,438.0,-4.0,0.0
821,821,2022-06-11,326528,0.0,-569.0,323545.0,439.0,1.0,0.0
822,822,2022-06-12,326528,0.0,0.0,323983.0,438.0,-1.0,0.0
823,823,2022-06-13,326942,414.0,414.0,324451.0,468.0,30.0,0.0
824,824,2022-06-14,328091,1149.0,735.0,324959.0,508.0,40.0,0.0
825,825,2022-06-15,328524,433.0,-716.0,325462.0,503.0,-5.0,0.0
826,826,2022-06-16,328904,380.0,-53.0,325895.0,433.0,-70.0,0.0
827,827,2022-06-17,329416,512.0,132.0,326329.0,434.0,1.0,0.0
828,828,2022-06-18,329416,0.0,-512.0,326763.0,434.0,0.0,0.0
829,829,2022-06-19,329416,0.0,0.0,327197.0,434.0,0.0,0.0
830,830,2022-06-20,329416,0.0,0.0,327588.0,391.0,-43.0,0.0
831,831,2022-06-21,329791,375.0,375.0,327923.0,335.0,-56.0,0.0
832,832,2022-06-22,330255,464.0,89.0,328265.0,342.0,7.0,0.0
833,833,2022-06-23,331495,1240.0,776.0,328661.0,396.0,54.0,0.0
834,834,2022-06-24,331964,469.0,-771.0,329049.0,388.0,-8.0,0.0
835,835,2022-06-25,331964,0.0,-469.0,329437.0,388.0,0.0,0.0
836,836,2022-06-26,331964,0.0,0.0,329826.0,389.0,1.0,0.0
837,837,2022-06-27,332392,428.0,428.0,330215.0,389.0,0.0,0.0
838,838,2022-06-28,333351,959.0,531.0,330591.0,376.0,-13.0,0.0
839,839,2022-06-29,333729,378.0,-581.0,330962.0,371.0,-5.0,0.0
840,840,2022-06-30,333728,-1.0,-379.0,331307.0,345.0,-26.0,0.0
841,841,2022-07-01,333728,0.0,1.0,331615.0,308.0,-37.0,0.0
842,842,2022-07-02,333728,0.0,0.0,331923.0,308.0,0.0,0.0
843,843,2022-07-03,333728,0.0,0.0,332231.0,308.0,0.0,0.0
844,844,2022-07-04,333728,0.0,0.0,332539.0,308.0,0.0,0.0
845,845,2022-07-05,333728,0.0,0.0,332820.0,281.0,-27.0,0.0
846,846,2022-07-06,333728,0.0,0.0,333068.0,248.0,-33.0,0.0
847,847,2022-07-07,336217,2489.0,2489.0,333406.0,338.0,90.0,0.0
848,848,2022-07-08,336217,0.0,-2489.0,333709.0,303.0,-35.0,0.0
849,849,2022-07-09,336217,0.0,0.0,334013.0,304.0,1.0,0.0
850,850,2022-07-10,336217,0.0,0.0,334317.0,304.0,0.0,0.0
851,851,2022-07-11,336217,0.0,0.0,334590.0,273.0,-31.0,0.0
852,852,2022-07-12,336217,0.0,0.0,334795.0,205.0,-68.0,0.0
853,853,2022-07-13,336217,0.0,0.0,334972.0,177.0,-28.0,0.0
854,854,2022-07-14,338803,2586.0,2586.0,335335.0,363.0,186.0,0.0
855,855,2022-07-15,338803,0.0,-2586.0,335698.0,363.0,0.0,0.0
856,856,2022-07-16,338803,0.0,0.0,336060.0,362.0,-1.0,0.0
857,857,2022-07-17,338803,0.0,0.0,336422.0,362.0,0.0,0.0
858,858,2022-07-18,338803,0.0,0.0,336785.0,363.0,1.0,0.0
859,859,2022-07-19,338803,0.0,0.0,337148.0,363.0,0.0,0.0
860,860,2022-07-20,338803,0.0,0.0,337510.0,362.0,-1.0,0.0
861,861,2022-07-21,341208,2405.0,2405.0,337866.0,356.0,-6.0,0.0
862,862,2022-07-22,341208,0.0,-2405.0,338223.0,357.0,1.0,0.0
863,863,2022-07-23,341208,0.0,0.0,338580.0,357.0,0.0,0.0
864,864,2022-07-24,341208,0.0,0.0,338936.0,356.0,-1.0,0.0
865,865,2022-07-25,341208,0.0,0.0,339292.0,356.0,0.0,0.0
866,866,2022-07-26,341208,0.0,0.0,339649.0,357.0,1.0,0.0
867,867,2022-07-27,341208,0.0,0.0,340006.0,357.0,0.0,0.0
868,868,2022-07-28,343745,2537.0,2537.0,340358.0,352.0,-5.0,0.0
869,869,2022-07-29,343745,0.0,-2537.0,340712.0,354.0,2.0,0.0
870,870,2022-07-30,343745,0.0,0.0,341064.0,352.0,-2.0,0.0
871,871,2022-07-31,343745,0.0,0.0,341418.0,354.0,2.0,0.0
872,872,2022-08-01,343745,0.0,0.0,341770.0,352.0,-2.0,0.0
873,873,2022-08-02,343745,0.0,0.0,342124.0,354.0,2.0,0.0
874,874,2022-08-03,343745,0.0,0.0,342476.0,352.0,-2.0,0.0
875,875,2022-08-04,346160,2415.0,2415.0,342830.0,354.0,2.0,0.0
876,876,2022-08-05,346160,0.0,-2415.0,343184.0,354.0,0.0,0.0
877,877,2022-08-06,346160,0.0,0.0,343538.0,354.0,0.0,0.0
878,878,2022-08-07,346160,0.0,0.0,343891.0,353.0,-1.0,0.0
879,879,2022-08-08,346160,0.0,0.0,344245.0,354.0,1.0,0.0
880,880,2022-08-09,346160,0.0,0.0,344599.0,354.0,0.0,0.0
881,881,2022-08-10,346160,0.0,0.0,344952.0,353.0,-1.0,0.0
882,882,2022-08-11,348517,2357.0,2357.0,345293.0,341.0,-12.0,0.0
883,883,2022-08-12,348517,0.0,-2357.0,345634.0,341.0,0.0,0.0
884,884,2022-08-13,348517,0.0,0.0,345975.0,341.0,0.0,0.0
885,885,2022-08-14,348517,0.0,0.0,346316.0,341.0,0.0,0.0
886,886,2022-08-15,348517,0.0,0.0,346657.0,341.0,0.0,0.0
887,887,2022-08-16,348517,0.0,0.0,346998.0,341.0,0.0,0.0
888,888,2022-08-17,348517,0.0,0.0,347338.0,340.0,-1.0,0.0
889,889,2022-08-18,350741,2224.0,2224.0,347666.0,328.0,-12.0,0.0
890,890,2022-08-19,350741,0.0,-2224.0,347993.0,327.0,-1.0,0.0
891,891,2022-08-20,350741,0.0,0.0,348320.0,327.0,0.0,0.0
892,892,2022-08-21,350741,0.0,0.0,348647.0,327.0,0.0,0.0
893,893,2022-08-22,350741,0.0,0.0,348975.0,328.0,1.0,0.0
894,894,2022-08-23,350741,0.0,0.0,349302.0,327.0,-1.0,0.0
895,895,2022-08-24,350741,0.0,0.0,349629.0,327.0,0.0,0.0
896,896,2022-08-25,352963,2222.0,2222.0,349947.0,318.0,-9.0,0.0
897,897,2022-08-26,352963,0.0,-2222.0,350264.0,317.0,-1.0,0.0
898,898,2022-08-27,352963,0.0,0.0,350582.0,318.0,1.0,0.0
899,899,2022-08-28,352963,0.0,0.0,350899.0,317.0,-1.0,0.0
900,900,2022-08-29,352963,0.0,0.0,351217.0,318.0,1.0,0.0
901,901,2022-08-30,352963,0.0,0.0,351534.0,317.0,-1.0,0.0
902,902,2022-08-31,352963,0.0,0.0,351852.0,318.0,1.0,0.0
903,903,2022-09-01,354895,1932.0,1932.0,352149.0,297.0,-21.0,0.0
904,904,2022-09-02,354895,0.0,-1932.0,352445.0,296.0,-1.0,0.0
905,905,2022-09-03,354895,0.0,0.0,352742.0,297.0,1.0,0.0
906,906,2022-09-04,354895,0.0,0.0,353039.0,297.0,0.0,0.0
907,907,2022-09-05,354895,0.0,0.0,353336.0,297.0,0.0,0.0
908,908,2022-09-06,354895,0.0,0.0,353632.0,296.0,-1.0,0.0
909,909,2022-09-07,354895,0.0,0.0,353929.0,297.0,1.0,0.0
910,910,2022-09-08,356366,1471.0,1471.0,354172.0,243.0,-54.0,0.0
911,911,2022-09-09,356366,0.0,-1471.0,354415.0,243.0,0.0,0.0
912,912,2022-09-10,356366,0.0,0.0,354658.0,243.0,0.0,0.0
913,913,2022-09-11,356366,0.0,0.0,354901.0,243.0,0.0,0.0
914,914,2022-09-12,356366,0.0,0.0,355144.0,243.0,0.0,0.0
915,915,2022-09-13,356366,0.0,0.0,355387.0,243.0,0.0,0.0
916,916,2022-09-14,356366,0.0,0.0,355630.0,243.0,0.0,0.0
917,917,2022-09-15,357855,1489.0,1489.0,355842.0,212.0,-31.0,0.0
918,918,2022-09-16,357855,0.0,-1489.0,356053.0,211.0,-1.0,0.0
919,919,2022-09-17,357855,0.0,0.0,356265.0,212.0,1.0,0.0
920,920,2022-09-18,357855,0.0,0.0,356476.0,211.0,-1.0,0.0
921,921,2022-09-19,357855,0.0,0.0,356688.0,212.0,1.0,0.0
922,922,2022-09-20,357855,0.0,0.0,356899.0,211.0,-1.0,0.0
923,923,2022-09-21,357855,0.0,0.0,357110.0,211.0,0.0,0.0
924,924,2022-09-22,359426,1571.0,1571.0,357329.0,219.0,8.0,0.0
925,925,2022-09-23,359426,0.0,-1571.0,357548.0,219.0,0.0,0.0
926,926,2022-09-24,359426,0.0,0.0,357766.0,218.0,-1.0,0.0
927,927,2022-09-25,359426,0.0,0.0,357985.0,219.0,1.0,0.0
928,928,2022-09-26,359426,0.0,0.0,358203.0,218.0,-1.0,0.0
929,929,2022-09-27,359426,0.0,0.0,358422.0,219.0,1.0,0.0
930,930,2022-09-28,359426,0.0,0.0,358640.0,218.0,-1.0,0.0
931,931,2022-09-29,360772,1346.0,1346.0,358849.0,209.0,-9.0,0.0
932,932,2022-09-30,360772,0.0,-1346.0,359057.0,208.0,-1.0,0.0
933,933,2022-10-01,360772,0.0,0.0,359266.0,209.0,1.0,0.0
